week_monday,total_females,number_of_traps,females - mixed
2013-01-07,426.0,16,26.625
2013-01-14,11.0,8,1.375
2013-01-21,72.0,10,7.2
2013-01-28,398.0,11,36.18181818181818
2013-02-04,236.0,12,19.666666666666668
2013-02-18,74.0,9,8.222222222222221
2013-02-25,112.0,9,12.444444444444445
2013-03-04,224.0,11,20.363636363636363
2013-03-11,6.0,4,1.5
2013-03-18,307.0,14,21.928571428571427
2013-03-25,36.0,11,3.272727272727273
2013-04-01,367.0,21,17.476190476190474
2013-04-08,395.0,26,15.192307692307692
2013-04-15,1455.0,30,48.5
2013-04-22,717.0,24,29.875
2013-04-29,4407.0,29,151.9655172413793
2013-05-06,5656.0,33,171.3939393939394
2013-05-13,3705.0,32,115.78125
2013-05-20,4903.0,33,148.57575757575756
2013-05-27,4758.0,31,153.48387096774192
2013-06-03,6786.0,32,212.0625
2013-06-10,13238.0,31,427.03225806451616
2013-06-17,3123.0,30,104.1
2013-06-24,3585.0,33,108.63636363636364
2013-07-01,2900.0,28,103.57142857142857
2013-07-08,2442.0,30,81.4
2013-07-15,2815.0,28,100.53571428571429
2013-07-22,5374.0,32,167.9375
2013-07-29,1573.0,28,56.17857142857143
2013-08-05,1862.0,25,74.48
2013-08-12,2437.0,28,87.03571428571429
2013-08-19,1819.0,30,60.63333333333333
2013-08-26,7235.0,30,241.16666666666666
2013-09-02,2942.0,30,98.06666666666666
2013-09-09,2257.0,30,75.23333333333333
2013-09-16,4157.0,31,134.09677419354838
2013-09-23,3743.0,32,116.96875
2013-09-30,3736.0,32,116.75
2013-10-07,2638.0,32,82.4375
2013-10-14,3788.0,31,122.19354838709677
2013-10-21,4133.0,30,137.76666666666668
2013-10-28,4583.0,31,147.83870967741936
2013-11-04,867.0,28,30.964285714285715
2013-11-11,2423.0,31,78.16129032258064
2013-11-18,8993.0,28,321.17857142857144
2013-11-25,1911.0,31,61.645161290322584
2013-12-02,6143.0,32,191.96875
2014-03-31,852.0,28,30.428571428571427
2014-04-07,1060.0,31,34.193548387096776
2014-04-14,242.0,25,9.68
2014-04-21,500.0,29,17.24137931034483
2014-04-28,3687.0,30,122.9
2014-05-05,4079.0,32,127.46875
2014-05-12,8786.0,31,283.4193548387097
2014-05-19,2253.0,28,80.46428571428571
2014-05-26,11044.0,32,345.125
2014-06-02,11205.0,31,361.4516129032258
2014-06-09,6383.0,30,212.76666666666668
2014-06-16,15327.0,31,494.4193548387097
2014-06-23,13347.0,28,476.67857142857144
2014-06-30,8874.0,32,277.3125
2014-07-07,8975.0,30,299.1666666666667
2014-07-14,5929.0,31,191.25806451612902
2014-07-21,3953.0,31,127.51612903225806
2014-07-28,3989.0,29,137.55172413793105
2014-08-04,4018.0,29,138.55172413793105
2014-08-11,2740.0,29,94.48275862068965
2014-08-18,2831.0,29,97.62068965517241
2014-08-25,2807.0,32,87.71875
2014-09-01,1977.0,29,68.17241379310344
2014-09-08,3498.0,31,112.83870967741936
2014-09-15,3323.0,32,103.84375
2014-09-22,2529.0,30,84.3
2014-09-29,5245.0,29,180.86206896551724
2014-10-06,4510.0,31,145.48387096774192
2014-10-13,1190.0,30,39.666666666666664
2014-10-20,1657.0,31,53.45161290322581
2014-10-27,3493.0,31,112.6774193548387
2014-11-03,2903.0,29,100.10344827586206
2014-11-10,4865.0,30,162.16666666666666
2014-11-24,1211.0,30,40.36666666666667
2014-12-01,1482.0,30,49.4
2014-12-08,1870.0,30,62.333333333333336
2014-12-15,1556.0,30,51.86666666666667
2014-12-22,499.0,2,249.5
2015-04-06,4663.0,15,310.8666666666667
2015-04-13,4584.0,26,176.30769230769232
2015-04-20,4435.0,26,170.57692307692307
2015-04-27,952.0,12,79.33333333333333
2015-05-04,7478.0,30,249.26666666666668
2015-05-11,5961.0,31,192.29032258064515
2015-05-18,2543.0,30,84.76666666666667
2015-05-25,11970.0,30,399.0
2015-06-01,7898.0,32,246.8125
2015-06-08,6400.0,31,206.4516129032258
2015-06-15,3269.0,32,102.15625
2015-06-22,3752.0,30,125.06666666666666
2015-06-29,2935.0,30,97.83333333333333
2015-07-06,2333.0,32,72.90625
2015-07-13,2846.0,31,91.80645161290323
2015-07-20,2948.0,31,95.09677419354838
2015-07-27,1632.0,29,56.275862068965516
2015-08-03,2362.0,31,76.19354838709677
2015-08-10,1942.0,30,64.73333333333333
2015-08-17,2747.0,31,88.61290322580645
2015-08-24,1284.0,29,44.275862068965516
2015-08-31,3004.0,28,107.28571428571429
2015-09-07,2725.0,29,93.96551724137932
2015-09-14,2442.0,31,78.7741935483871
2015-09-21,3517.0,33,106.57575757575758
2015-09-28,4907.0,32,153.34375
2015-10-05,4993.0,32,156.03125
2015-10-12,3899.0,32,121.84375
2015-10-19,2582.0,33,78.24242424242425
2015-10-26,7533.0,32,235.40625
2015-11-02,2106.0,32,65.8125
2015-11-09,3130.0,33,94.84848484848484
2015-11-16,1491.0,32,46.59375
2015-11-23,213.0,31,6.870967741935484
2015-11-30,3139.0,32,98.09375
2015-12-07,2512.0,32,78.5
2015-12-14,2900.0,31,93.54838709677419
2016-02-15,78.0,28,2.7857142857142856
2016-02-22,1296.0,32,40.5
2016-02-29,1550.0,33,46.96969696969697
2016-03-07,1001.0,32,31.28125
2016-03-14,1375.0,31,44.354838709677416
2016-03-21,478.0,33,14.484848484848484
2016-03-28,2191.0,31,70.6774193548387
2016-04-04,2345.0,33,71.06060606060606
2016-04-11,2690.0,32,84.0625
2016-04-18,4389.0,31,141.58064516129033
2016-04-25,5627.0,33,170.5151515151515
2016-05-02,4320.0,33,130.9090909090909
2016-05-09,5166.0,32,161.4375
2016-05-16,3175.0,32,99.21875
2016-05-23,4794.0,31,154.6451612903226
2016-05-30,5589.0,32,174.65625
2016-06-06,4377.0,32,136.78125
2016-06-13,3611.0,26,138.8846153846154
2016-06-20,6214.0,31,200.4516129032258
2016-06-27,4151.0,30,138.36666666666667
2016-07-04,4178.0,31,134.7741935483871
2016-07-11,2840.0,33,86.06060606060606
2016-07-18,2787.0,32,87.09375
2016-07-25,1854.0,32,57.9375
2017-03-06,528.0,34,15.529411764705882
2017-03-13,536.0,41,13.073170731707316
2017-03-27,2380.0,40,59.5
2017-04-03,4984.0,39,127.7948717948718
2017-04-10,1789.0,40,44.725
2017-04-17,4485.0,40,112.125
2017-04-24,4713.0,41,114.95121951219512
2017-05-01,7351.0,40,183.775
2017-05-08,2825.0,42,67.26190476190476
2017-05-15,3753.0,40,93.825
2017-05-22,5294.0,42,126.04761904761905
2017-05-29,4943.0,40,123.575
2017-06-05,3922.0,39,100.56410256410257
2017-06-12,5851.0,35,167.17142857142858
2017-06-19,4566.0,37,123.4054054054054
2017-06-26,7271.0,41,177.34146341463415
2017-07-10,2255.0,34,66.32352941176471
2017-07-17,4561.0,42,108.5952380952381
2017-07-24,7107.0,38,187.02631578947367
2017-07-31,4900.0,39,125.64102564102564
2017-08-07,1563.0,40,39.075
2017-08-14,3358.0,38,88.36842105263158
2017-08-21,2932.0,34,86.23529411764706
2017-08-28,1025.0,25,41.0
2017-09-04,1428.0,38,37.578947368421055
2017-09-11,1759.0,29,60.6551724137931
2017-09-18,3199.0,37,86.45945945945945
2017-09-25,2564.0,31,82.70967741935483
2017-10-02,1251.0,21,59.57142857142857
2017-10-09,3361.0,36,93.36111111111111
2017-10-16,1476.0,39,37.84615384615385
2017-10-23,4203.0,39,107.76923076923077
2017-10-30,3697.0,41,90.17073170731707
2017-11-06,3839.0,42,91.4047619047619
2017-11-13,3048.0,37,82.37837837837837
2017-11-20,1910.0,40,47.75
2017-11-27,928.0,41,22.634146341463413
2018-02-26,1175.0,42,27.976190476190474
2018-03-05,2265.0,43,52.674418604651166
2018-03-12,948.0,39,24.307692307692307
2018-03-19,3952.0,42,94.0952380952381
2018-03-26,2357.0,42,56.11904761904762
2018-04-02,5759.0,42,137.11904761904762
2018-04-09,7559.0,40,188.975
2018-04-16,10877.0,42,258.9761904761905
2018-04-23,8458.0,45,187.95555555555555
2018-04-30,6066.0,42,144.42857142857142
2018-05-07,10711.0,42,255.02380952380952
2018-05-14,14210.0,42,338.3333333333333
2018-05-21,7680.0,44,174.54545454545453
2018-05-28,3489.0,37,94.29729729729729
2018-06-04,8391.0,44,190.70454545454547
2018-06-11,8653.0,44,196.6590909090909
2018-06-18,3807.0,40,95.175
2018-06-25,5309.0,46,115.41304347826087
2018-07-02,3437.0,40,85.925
2018-07-09,1830.0,44,41.59090909090909
2018-07-16,2977.0,43,69.23255813953489
2018-07-23,3511.0,42,83.5952380952381
2018-07-30,4078.0,45,90.62222222222222
2018-08-06,3057.0,45,67.93333333333334
2018-08-13,3750.0,44,85.22727272727273
2018-08-20,3220.0,42,76.66666666666667
2018-08-27,4229.0,45,93.97777777777777
2018-09-10,4668.0,42,111.14285714285714
2018-09-17,6259.0,44,142.25
2018-09-24,2106.0,41,51.36585365853659
2018-10-01,3063.0,40,76.575
2018-10-08,2297.0,43,53.41860465116279
2018-10-15,1572.0,40,39.3
2018-10-22,4941.0,42,117.64285714285714
2018-10-29,3846.0,42,91.57142857142857
2018-11-05,2351.0,40,58.775
2018-11-12,367.0,38,9.657894736842104
2018-11-19,1587.0,45,35.266666666666666
2018-11-26,386.0,38,10.157894736842104
2018-12-10,536.0,45,11.911111111111111
2019-01-07,365.0,34,10.735294117647058
2019-01-14,7.0,6,1.1666666666666667
2019-01-21,2426.0,43,56.41860465116279
2019-01-28,715.0,44,16.25
2019-02-04,1707.0,45,37.93333333333333
2019-02-11,305.0,38,8.026315789473685
2019-02-25,1790.0,42,42.61904761904762
2019-03-11,3438.0,44,78.13636363636364
2019-03-18,3162.0,39,81.07692307692308
2019-03-25,2879.0,45,63.977777777777774
2019-04-01,2186.0,35,62.457142857142856
2019-04-08,4146.0,44,94.22727272727273
2019-04-15,3332.0,46,72.43478260869566
2019-04-22,4954.0,45,110.08888888888889
2019-04-29,4108.0,45,91.28888888888889
2019-05-13,10572.0,42,251.71428571428572
2019-05-20,7321.0,43,170.25581395348837
2019-05-27,7202.0,44,163.6818181818182
2019-06-03,5490.0,34,161.47058823529412
2019-06-10,2907.0,43,67.6046511627907
2019-06-17,2193.0,44,49.84090909090909
2019-06-24,3935.0,46,85.54347826086956
2019-07-01,1564.0,41,38.146341463414636
2019-07-08,1849.0,45,41.08888888888889
2019-07-15,711.0,42,16.928571428571427
2019-07-22,1730.0,45,38.44444444444444
2019-07-29,3424.0,43,79.62790697674419
2019-08-05,4549.0,45,101.08888888888889
2019-08-12,2969.0,44,67.47727272727273
2019-08-19,2272.0,41,55.41463414634146
2019-08-26,1494.0,32,46.6875
2019-09-02,2878.0,42,68.52380952380952
2019-09-09,2138.0,44,48.59090909090909
2019-09-16,1923.0,45,42.733333333333334
2019-09-23,1161.0,46,25.23913043478261
2019-09-30,2124.0,45,47.2
2019-10-07,1322.0,40,33.05
2019-10-14,1254.0,43,29.162790697674417
2019-10-21,2191.0,44,49.79545454545455
2019-10-28,2914.0,44,66.22727272727273
2019-11-04,1861.0,40,46.525
2019-11-18,656.0,43,15.255813953488373
2019-12-02,68.0,31,2.193548387096774
2019-12-09,1194.0,42,28.428571428571427
2020-01-06,1820.0,44,41.36363636363637
2020-01-13,2100.0,42,50.0
2020-01-27,590.0,44,13.409090909090908
2020-02-03,2622.0,44,59.59090909090909
2020-02-10,3117.0,42,74.21428571428571
2020-02-17,1261.0,32,39.40625
2020-03-02,4373.0,44,99.38636363636364
2020-03-09,2278.0,45,50.62222222222222
2020-03-16,1938.0,40,48.45
2020-03-23,1866.0,42,44.42857142857143
2020-03-30,2090.0,42,49.76190476190476
2020-04-06,4296.0,43,99.90697674418605
2020-04-13,4077.0,42,97.07142857142857
2020-04-20,7555.0,39,193.71794871794873
2020-04-27,2414.0,41,58.8780487804878
2020-05-04,4407.0,43,102.48837209302326
2020-05-11,5481.0,40,137.025
2020-05-18,6752.0,43,157.02325581395348
2020-05-25,6986.0,43,162.46511627906978
2020-06-01,8630.0,41,210.4878048780488
2020-06-08,2579.0,43,59.97674418604651
2020-06-15,5096.0,42,121.33333333333333
2020-06-22,6094.0,40,152.35
2020-06-29,2873.0,46,62.45652173913044
2020-07-06,2976.0,44,67.63636363636364
2020-07-13,4463.0,44,101.43181818181819
2020-07-20,1954.0,44,44.40909090909091
2020-07-27,1860.0,46,40.43478260869565
2020-08-03,4081.0,44,92.75
2020-08-10,2030.0,43,47.2093023255814
2020-08-17,1882.0,45,41.82222222222222
2020-08-31,1534.0,41,37.41463414634146
2020-09-07,1460.0,37,39.45945945945946
2020-09-28,965.0,40,24.125
2020-10-05,1570.0,41,38.292682926829265
2020-10-12,1421.0,44,32.29545454545455
2020-10-19,1299.0,42,30.928571428571427
2020-10-26,1681.0,43,39.093023255813954
2020-11-02,638.0,42,15.19047619047619
2020-11-09,2473.0,46,53.76086956521739
2020-11-16,516.0,40,12.9
2020-11-23,1194.0,45,26.533333333333335
2020-12-07,569.0,34,16.735294117647058
2020-12-14,16.0,15,1.0666666666666667
2021-01-04,1065.0,43,24.767441860465116
2021-01-18,1794.0,44,40.77272727272727
2021-01-25,1253.0,43,29.13953488372093
2021-02-01,27.0,18,1.5
2021-02-08,717.0,38,18.86842105263158
2021-02-22,430.0,40,10.75
2021-03-01,188.0,34,5.529411764705882
2021-03-08,247.0,37,6.675675675675675
2021-03-15,405.0,38,10.657894736842104
2021-03-22,575.0,39,14.743589743589743
2021-03-29,1646.0,41,40.146341463414636
2021-04-05,2023.0,45,44.955555555555556
2021-04-12,2685.0,44,61.02272727272727
2021-04-19,5117.0,45,113.71111111111111
2021-04-26,3422.0,43,79.5813953488372
2021-05-03,11133.0,45,247.4
2021-05-17,2534.0,44,57.59090909090909
2021-05-24,8066.0,42,192.04761904761904
2021-05-31,8993.0,44,204.38636363636363
2021-06-07,5650.0,42,134.52380952380952
2021-06-14,11094.0,44,252.13636363636363
2021-06-21,5244.0,40,131.1
2021-06-28,4555.0,44,103.52272727272727
2021-07-05,8604.0,45,191.2
2021-07-12,4876.0,45,108.35555555555555
2021-07-19,4512.0,44,102.54545454545455
2021-07-26,5107.0,46,111.02173913043478
2021-08-02,3149.0,43,73.23255813953489
2021-08-09,2692.0,41,65.65853658536585
2021-08-16,3848.0,43,89.48837209302326
2021-08-23,1768.0,43,41.116279069767444
2021-09-06,1055.0,27,39.074074074074076
2021-09-13,2994.0,42,71.28571428571429
2021-09-20,2511.0,39,64.38461538461539
2021-09-27,2951.0,41,71.97560975609755
2021-10-04,3377.0,42,80.4047619047619
2021-10-11,2935.0,43,68.25581395348837
2021-10-18,4451.0,45,98.91111111111111
2021-11-01,2105.0,43,48.95348837209303
2021-11-08,1148.0,45,25.511111111111113
2021-11-15,2065.0,44,46.93181818181818
2021-11-22,1120.0,41,27.317073170731707
2021-11-29,932.0,42,22.19047619047619
2021-12-06,2688.0,41,65.5609756097561
2022-01-17,635.0,40,15.875
2022-01-24,53.0,20,2.65
2022-01-31,1184.0,42,28.19047619047619
2022-02-07,104.0,30,3.466666666666667
2022-02-14,325.0,43,7.558139534883721
2022-02-21,720.0,39,18.46153846153846
2022-03-07,1051.0,43,24.441860465116278
2022-03-14,480.0,43,11.162790697674419
2022-03-21,392.0,40,9.8
2022-03-28,1310.0,44,29.772727272727273
2022-04-11,1085.0,37,29.324324324324323
2022-04-18,1844.0,43,42.883720930232556
2022-04-25,4131.0,42,98.35714285714286
2022-05-02,9837.0,46,213.84782608695653
2022-05-09,6420.0,43,149.30232558139534
2022-05-16,5976.0,45,132.8
2022-05-30,5692.0,41,138.82926829268294
2022-06-06,7379.0,44,167.70454545454547
2022-06-13,6494.0,44,147.5909090909091
2022-06-20,3458.0,44,78.5909090909091
2022-06-27,3484.0,46,75.73913043478261
2022-07-04,1805.0,46,39.23913043478261
2022-07-11,3779.0,43,87.88372093023256
2022-07-18,2629.0,45,58.422222222222224
2022-07-25,1598.0,43,37.16279069767442
2022-08-01,1736.0,43,40.372093023255815
2022-08-08,4213.0,42,100.30952380952381
2022-08-15,4792.0,43,111.44186046511628
2022-08-22,2309.0,43,53.69767441860465
2022-08-29,1956.0,43,45.48837209302326
2022-09-05,2109.0,44,47.93181818181818
2022-09-12,1775.0,42,42.26190476190476
2022-09-19,1839.0,46,39.97826086956522
2022-09-26,989.0,43,23.0
2022-10-03,1311.0,45,29.133333333333333
2022-10-10,1285.0,42,30.595238095238095
2022-10-17,893.0,45,19.844444444444445
2022-10-24,1652.0,44,37.54545454545455
2022-10-31,1398.0,43,32.51162790697674
2022-11-07,890.0,43,20.697674418604652
2022-11-14,442.0,40,11.05
2022-11-28,1929.0,41,47.048780487804876
2022-12-12,1991.0,42,47.404761904761905
2023-01-16,1947.0,44,44.25
2023-01-23,177.0,36,4.916666666666667
2023-01-30,2276.0,43,52.93023255813954
2023-02-06,734.0,43,17.069767441860463
2023-02-13,640.0,42,15.238095238095237
2023-02-27,1366.0,40,34.15
2023-03-06,1400.0,41,34.146341463414636
2023-03-13,721.0,44,16.386363636363637
2023-03-20,95.0,33,2.878787878787879
2023-03-27,3958.0,43,92.04651162790698
2023-04-03,3775.0,42,89.88095238095238
2023-04-10,3831.0,46,83.28260869565217
2023-04-17,2417.0,45,53.71111111111111
2023-04-24,3159.0,45,70.2
2023-05-01,6247.0,45,138.82222222222222
2023-05-08,6156.0,45,136.8
2023-05-15,4696.0,45,104.35555555555555
2023-05-22,5768.0,44,131.0909090909091
2023-05-29,7022.0,45,156.04444444444445
2023-06-05,7832.0,44,178.0
2023-06-12,5458.0,45,121.28888888888889
2023-06-19,3050.0,43,70.93023255813954
2023-06-26,2662.0,45,59.15555555555556
2023-07-03,1664.0,36,46.22222222222222
2023-07-10,2181.0,45,48.46666666666667
2023-07-17,1950.0,45,43.333333333333336
2023-07-24,2159.0,45,47.977777777777774
2023-07-31,2500.0,44,56.81818181818182
2023-08-07,1276.0,44,29.0
2023-08-14,825.0,45,18.333333333333332
2023-08-21,938.0,44,21.318181818181817
2023-08-28,616.0,39,15.794871794871796
2023-09-04,1111.0,45,24.68888888888889
2023-09-11,948.0,43,22.046511627906977
2023-09-18,665.0,45,14.777777777777779
2023-09-25,1702.0,46,37.0
2023-10-02,1972.0,45,43.82222222222222
2023-10-09,1234.0,44,28.045454545454547
2023-10-16,902.0,42,21.476190476190474
2023-10-30,140.0,35,4.0
2023-11-06,1073.0,42,25.547619047619047
2023-11-13,875.0,45,19.444444444444443
2023-11-27,35.0,26,1.3461538461538463
2023-12-11,55.0,27,2.037037037037037
2024-01-08,5.0,5,1.0
2024-01-22,8.0,3,2.6666666666666665
2024-01-29,188.0,33,5.696969696969697
2024-02-05,98.0,28,3.5
2024-02-19,42.0,22,1.9090909090909092
2024-02-26,417.0,42,9.928571428571429
2024-03-04,1060.0,42,25.238095238095237
2024-03-11,430.0,38,11.31578947368421
2024-03-18,43.0,21,2.0476190476190474
2024-03-25,1647.0,39,42.23076923076923
2024-04-01,2474.0,43,57.53488372093023
2024-04-08,1645.0,42,39.166666666666664
2024-04-15,2745.0,41,66.95121951219512
2024-04-22,857.0,45,19.044444444444444
2024-04-29,4547.0,41,110.90243902439025
2024-05-06,4623.0,44,105.06818181818181
2024-05-13,1546.0,41,37.707317073170735
2024-05-20,7242.0,42,172.42857142857142
2024-05-27,5194.0,44,118.04545454545455
2024-06-03,5605.0,46,121.84782608695652
2024-06-10,4060.0,44,92.27272727272727
2024-06-17,3096.0,39,79.38461538461539
2024-06-24,2902.0,42,69.0952380952381
2024-07-01,2336.0,45,51.91111111111111
2024-07-08,1142.0,45,25.377777777777776
2024-07-15,1192.0,44,27.09090909090909
2024-07-22,1875.0,43,43.604651162790695
2024-07-29,1314.0,42,31.285714285714285
2024-08-05,1309.0,44,29.75
2024-08-12,1163.0,45,25.844444444444445
2024-08-19,676.0,42,16.095238095238095
2024-08-26,679.0,41,16.5609756097561
2024-09-02,698.0,44,15.863636363636363
2024-09-16,1073.0,40,26.825
2024-09-23,1292.0,42,30.761904761904763
2024-09-30,853.0,42,20.30952380952381
2024-10-07,1508.0,41,36.78048780487805
2024-10-14,726.0,43,16.88372093023256
2024-10-21,571.0,42,13.595238095238095
2024-10-28,1161.0,43,27.0
2024-11-04,1754.0,40,43.85
2024-11-11,2314.0,41,56.4390243902439
2024-11-18,645.0,40,16.125
2024-12-02,241.0,33,7.303030303030303
2024-12-16,1851.0,42,44.07142857142857
